file,url,downloaded_at_utc,http_status
manus_home.html,https://manus.im/,2026-02-24T06:44:08Z,200
manus_blog.html,https://manus.im/blog,2026-02-24T06:44:09Z,200
manus_feature_browser_operator.html,https://manus.im/features/manus-browser-operator,2026-02-24T06:44:09Z,200
manus_feature_wide_research.html,https://manus.im/features/wide-research,2026-02-24T06:44:10Z,200
manus_feature_webapp.html,https://manus.im/features/webapp,2026-02-24T06:44:10Z,200
manus_docs.html,https://manus.im/docs,2026-02-24T06:44:11Z,200
manus_open_docs.html,https://open.manus.ai/docs,2026-02-24T06:44:11Z,200
openai_python_github.html,https://github.com/openai/openai-python,2026-02-24T06:44:13Z,200
openai_agents_github.html,https://github.com/openai/openai-agents-python,2026-02-24T06:44:14Z,200
openai_agents_docs_home.html,https://openai.github.io/openai-agents-python/,2026-02-24T06:44:14Z,200
openai_agents_docs_tracing.html,https://openai.github.io/openai-agents-python/tracing/,2026-02-24T06:44:14Z,200
langgraph_github.html,https://github.com/langchain-ai/langgraph,2026-02-24T06:44:16Z,200
langgraph_docs.html,https://langchain-ai.github.io/langgraph/,2026-02-24T06:44:16Z,200
otel_python_docs.html,https://opentelemetry.io/docs/languages/python/,2026-02-24T06:44:16Z,200
otel_tracing_concepts.html,https://opentelemetry.io/docs/concepts/signals/traces/,2026-02-24T06:44:17Z,200
phoenix_github.html,https://github.com/Arize-ai/phoenix,2026-02-24T06:44:18Z,200
